failure_def,method,metric,mean,std,cv,values
lowest20_mean_fg,conf_consistency,auprc,0.8863342089323817,0.0,0.0,"0.8863,0.8863,0.8863"
lowest20_mean_fg,conf_consistency,capture_at_20,0.7662337662337663,0.0,0.0,"0.7662,0.7662,0.7662"
lowest20_mean_fg,confidence,auprc,0.8095670925758581,1.3597399555105182e-16,1.6795889654854118e-16,"0.8096,0.8096,0.8096"
lowest20_mean_fg,confidence,capture_at_20,0.7402597402597403,0.0,0.0,"0.7403,0.7403,0.7403"
mean_fg_lt_0.70,conf_consistency,auprc,0.899766435716565,0.0,0.0,"0.8998,0.8998,0.8998"
mean_fg_lt_0.70,conf_consistency,capture_at_20,0.8219178082191781,1.3597399555105182e-16,1.6543502792044636e-16,"0.8219,0.8219,0.8219"
mean_fg_lt_0.70,confidence,auprc,0.8049604018721107,1.3597399555105182e-16,1.68920104932882e-16,"0.8050,0.8050,0.8050"
mean_fg_lt_0.70,confidence,capture_at_20,0.7123287671232875,1.3597399555105182e-16,1.9088657067743818e-16,"0.7123,0.7123,0.7123"
