method,mean_edema_dice,mean_fg_dice,mean_wt_dice,mean_precision,mean_recall,mean_enh_change,mean_nec_change,mean_runtime
D_logit_refine,0.8331696115072234,0.8338425595007939,0.8943921699564809,0.11229909198824543,0.9380922373772149,-288.85174051920575,-239.0455821355184,0.6726701388445994
A_baseline,0.8211928560560039,0.8210072794435271,0.8919644323021552,0.0,0.0,0.0,0.0,0.14530472919189683
C_logit_bias,0.8208535322073889,0.8225898577066606,0.8895599108429079,0.0,0.0,-50.305165926615395,-52.72139096260071,0.11580727032075326
E_proposed,0.8203685428803525,0.8205331549849002,0.8913281812948332,0.10433684664615485,0.9443380074639999,-4.553898721933365,2.0493785490592322,0.40810247235155356
B_global_probe,0.8194585320618888,0.819399518673448,0.8925382549428275,0.0,0.0,1.7085092663764954,44.580629428227745,0.1737132011136661
