failure_def,comparison,metric,diff_mean,ci_low,ci_high,frac_proposed_better,n_boot
lowest20_mean_fg,conf_consistency_vs_confidence,auprc,0.08978921487577907,0.030510341774772014,0.15603895059268325,0.9976,5000
lowest20_mean_fg,conf_consistency_vs_confidence,capture20,0.087028007390065,0.01110805860805857,0.16666666666666663,0.9754,5000
lowest20_mean_fg,conf_consistency_vs_confidence,aurc,0.0007672364146301952,-0.005633105905974524,0.008243137173236718,0.4396,5000
mean_fg_lt_0.70,conf_consistency_vs_confidence,auprc,0.11635190974480147,0.057476553168992965,0.18605790045314582,1.0,5000
mean_fg_lt_0.70,conf_consistency_vs_confidence,capture20,0.09658724457025396,0.015384615384615441,0.17809442270058695,0.9884,5000
mean_fg_lt_0.70,conf_consistency_vs_confidence,aurc,0.0014737609352072725,-0.0043216012721763,0.007093368356814644,0.3028,5000
